INSERT INTO users (username,password) VALUES ('Caleb','$2a$12$nmc04NyhuWQsIuvmbw2mAuQiuyArhSNDwwUET/hloBZ2JaNcxnuQm'); /*password is pass*/
INSERT INTO users (username,password) VALUES ('Jake','$2a$12$nmc04NyhuWQsIuvmbw2mAuQiuyArhSNDwwUET/hloBZ2JaNcxnuQm');
INSERT INTO users (username,password) VALUES ('Tom','$2a$12$nmc04NyhuWQsIuvmbw2mAuQiuyArhSNDwwUET/hloBZ2JaNcxnuQm');
INSERT INTO users (username,password) VALUES ('Mitch','$2a$12$nmc04NyhuWQsIuvmbw2mAuQiuyArhSNDwwUET/hloBZ2JaNcxnuQm');
INSERT INTO users (username,password) VALUES ('Trish','$2a$12$nmc04NyhuWQsIuvmbw2mAuQiuyArhSNDwwUET/hloBZ2JaNcxnuQm');
INSERT INTO users (username,password) VALUES ('Rodrigo','$2a$12$nmc04NyhuWQsIuvmbw2mAuQiuyArhSNDwwUET/hloBZ2JaNcxnuQm');
INSERT INTO users (username,password) VALUES ('Johndoe','$2a$12$nmc04NyhuWQsIuvmbw2mAuQiuyArhSNDwwUET/hloBZ2JaNcxnuQm');
INSERT INTO users (username,password) VALUES ('James','$2a$12$nmc04NyhuWQsIuvmbw2mAuQiuyArhSNDwwUET/hloBZ2JaNcxnuQm');
INSERT INTO users (username,password) VALUES ('Theo','$2a$12$nmc04NyhuWQsIuvmbw2mAuQiuyArhSNDwwUET/hloBZ2JaNcxnuQm');
INSERT INTO users (username,password) VALUES ('Nick','$2a$12$nmc04NyhuWQsIuvmbw2mAuQiuyArhSNDwwUET/hloBZ2JaNcxnuQm');
INSERT INTO users (username,password) VALUES ('Justin','$2a$12$nmc04NyhuWQsIuvmbw2mAuQiuyArhSNDwwUET/hloBZ2JaNcxnuQm');
INSERT INTO users (username,password) VALUES ('Ryan','$2a$12$nmc04NyhuWQsIuvmbw2mAuQiuyArhSNDwwUET/hloBZ2JaNcxnuQm');
INSERT INTO users (username,password) VALUES ('Ella','$2a$12$nmc04NyhuWQsIuvmbw2mAuQiuyArhSNDwwUET/hloBZ2JaNcxnuQm');
INSERT INTO users (username,password) VALUES ('Emma','$2a$12$nmc04NyhuWQsIuvmbw2mAuQiuyArhSNDwwUET/hloBZ2JaNcxnuQm');
INSERT INTO users (username,password) VALUES ('Kate','$2a$12$nmc04NyhuWQsIuvmbw2mAuQiuyArhSNDwwUET/hloBZ2JaNcxnuQm');
INSERT INTO users (username,password) VALUES ('Chris','$2a$12$nmc04NyhuWQsIuvmbw2mAuQiuyArhSNDwwUET/hloBZ2JaNcxnuQm');
INSERT INTO users (username,password) VALUES ('Alex','$2a$12$nmc04NyhuWQsIuvmbw2mAuQiuyArhSNDwwUET/hloBZ2JaNcxnuQm');
INSERT INTO users (username,password) VALUES ('Jordan','$2a$12$nmc04NyhuWQsIuvmbw2mAuQiuyArhSNDwwUET/hloBZ2JaNcxnuQm');
INSERT INTO users (username,password) VALUES ('Sam','$2a$12$nmc04NyhuWQsIuvmbw2mAuQiuyArhSNDwwUET/hloBZ2JaNcxnuQm');
INSERT INTO users (username,password) VALUES ('Max','$2a$12$nmc04NyhuWQsIuvmbw2mAuQiuyArhSNDwwUET/hloBZ2JaNcxnuQm');
INSERT INTO users (username,password) VALUES ('Logan','$2a$12$nmc04NyhuWQsIuvmbw2mAuQiuyArhSNDwwUET/hloBZ2JaNcxnuQm');
INSERT INTO users (username,password) VALUES ('Hannah','$2a$12$nmc04NyhuWQsIuvmbw2mAuQiuyArhSNDwwUET/hloBZ2JaNcxnuQm');
INSERT INTO users (username,password) VALUES ('Josh','$2a$12$nmc04NyhuWQsIuvmbw2mAuQiuyArhSNDwwUET/hloBZ2JaNcxnuQm');
INSERT INTO users (username,password) VALUES ('Will','$2a$12$nmc04NyhuWQsIuvmbw2mAuQiuyArhSNDwwUET/hloBZ2JaNcxnuQm');
INSERT INTO users (username,password) VALUES ('Homer','$2a$12$nmc04NyhuWQsIuvmbw2mAuQiuyArhSNDwwUET/hloBZ2JaNcxnuQm');
INSERT INTO users (username,password) VALUES ('Bart','$2a$12$nmc04NyhuWQsIuvmbw2mAuQiuyArhSNDwwUET/hloBZ2JaNcxnuQm');
INSERT INTO users (username,password) VALUES ('Lisa','$2a$12$nmc04NyhuWQsIuvmbw2mAuQiuyArhSNDwwUET/hloBZ2JaNcxnuQm');
INSERT INTO users (username,password) VALUES ('Maggie','$2a$12$nmc04NyhuWQsIuvmbw2mAuQiuyArhSNDwwUET/hloBZ2JaNcxnuQm');
INSERT INTO users (username,password) VALUES ('Marge','$2a$12$nmc04NyhuWQsIuvmbw2mAuQiuyArhSNDwwUET/hloBZ2JaNcxnuQm');
INSERT INTO users (username,password) VALUES ('Larry','$2a$12$nmc04NyhuWQsIuvmbw2mAuQiuyArhSNDwwUET/hloBZ2JaNcxnuQm');
INSERT INTO users (username,password) VALUES ('Caden','$2a$12$nmc04NyhuWQsIuvmbw2mAuQiuyArhSNDwwUET/hloBZ2JaNcxnuQm');
INSERT INTO users (username,password) VALUES ('Ally','$2a$12$nmc04NyhuWQsIuvmbw2mAuQiuyArhSNDwwUET/hloBZ2JaNcxnuQm');
INSERT INTO users (username,password) VALUES ('Dalton','$2a$12$nmc04NyhuWQsIuvmbw2mAuQiuyArhSNDwwUET/hloBZ2JaNcxnuQm');
INSERT INTO users (username,password) VALUES ('Grace','$2a$12$nmc04NyhuWQsIuvmbw2mAuQiuyArhSNDwwUET/hloBZ2JaNcxnuQm');
INSERT INTO users (username,password) VALUES ('Emily','$2a$12$nmc04NyhuWQsIuvmbw2mAuQiuyArhSNDwwUET/hloBZ2JaNcxnuQm');
INSERT INTO users (username,password) VALUES ('Morgan','$2a$12$nmc04NyhuWQsIuvmbw2mAuQiuyArhSNDwwUET/hloBZ2JaNcxnuQm');
INSERT INTO users (username,password) VALUES ('Andrew','$2a$12$nmc04NyhuWQsIuvmbw2mAuQiuyArhSNDwwUET/hloBZ2JaNcxnuQm');

INSERT INTO facilities (name, location, address, city, latitude, longitude) VALUES ('CU Rec Center', '80302', '1835 Pleasant St', 'Boulder', '40.010404000001174', '-105.26936262853678');
INSERT INTO facilities (name, location, address, city, latitude, longitude) VALUES ('Rocky Mountain Tennis Center', '80302', 'Taft Dr', 'Boulder', '40.01163719996683', '-105.26094206181344');
INSERT INTO facilities (name, location, address, city, latitude, longitude) VALUES ('Knollwood Tennis Courts', '80302', '280 Spruce St', 'Boulder', '40.01656993635922', '-105.29232600687223');
INSERT INTO facilities (name, location, address, city, latitude, longitude) VALUES ('Meadows Club', '80303', '5555 Racquet Ln', 'Boulder', '40.00439525540119', '-105.22368783568345');
INSERT INTO facilities (name, location, address, city, latitude, longitude) VALUES ('South Campus Tennis Complex', '80305', 'Table Mesa Dr', 'Boulder', '39.980217328951824', '-105.23231725103795');
INSERT INTO facilities (name, location, address, city, latitude, longitude) VALUES ('Fairview High School Tennis Courts', '80305', '1515 Greenbriar Blvd', 'Boulder', '39.972709095684294', '-105.24627327804556');
INSERT INTO facilities (name, location, address, city, latitude, longitude) VALUES ('Martin Park', '80305', '36th St and Eastman Ave', 'Boulder', '39.98906750132354', '-105.24971081852195');
INSERT INTO facilities (name, location, address, city, latitude, longitude) VALUES ('Denver Tennis Club', '80220', '400 Forest St', 'Denver', '39.723840267223196', '-104.9267351951934');
INSERT INTO facilities (name, location, address, city, latitude, longitude) VALUES ('JCC Tennis Center', '80246', '350 S Dahlia St', 'Denver', '39.71018862461476', '-104.93047350684913');
INSERT INTO facilities (name, location, address, city, latitude, longitude) VALUES ('Pulaski Park', '80209', '3300 E Bayaud Ave', 'Denver', '39.712622952148955', '-104.94721079153052');
INSERT INTO facilities (name, location, address, city, latitude, longitude) VALUES ('Denver Tennis League', '80205', '2450 E 23rd Ave', 'Denver', '39.75083568420129', '-104.95834955103024');
INSERT INTO facilities (name, location, address, city, latitude, longitude) VALUES ('City Park', '80205', '2500 E 23rd Ave', 'Denver', '39.74940577491432', '-104.95757499335639');
INSERT INTO facilities (name, location, address, city, latitude, longitude) VALUES ('Smiley MS', '80207', '5785 E 25th Ave', 'Denver', '39.75321176489012', '-104.91996306267478');
INSERT INTO facilities (name, location, address, city, latitude, longitude) VALUES ('Rocky Mountain Lake Tennis Courts', '80221', 'W 46th Ave', 'Denver', '39.75321176489012', '-104.91996306267478');
INSERT INTO facilities (name, location, address, city, latitude, longitude) VALUES ('Sloans Lake', '80212', '4420 W 26th Ave', 'Denver', '39.75480474296801', '-105.0444862101286');
INSERT INTO facilities (name, location, address, city, latitude, longitude) VALUES ('Meadow Creek', '80214', '6305 W 6th Ave', 'Denver', '39.72646279019332', '-105.0649761338601');
INSERT INTO facilities (name, location, address, city, latitude, longitude) VALUES ('La Alma Tennis Courts', '80204', '1325 W 11th Ave', 'Denver', '39.73497250817634', '-105.00485993572624');
INSERT INTO facilities (name, location, address, city, latitude, longitude) VALUES ('Randy Ross Tennis Center', '80112', '7760 S Wheeling Ct', 'Centennial', '39.57620656510263', '-104.83152398360028');
INSERT INTO facilities (name, location, address, city, latitude, longitude) VALUES ('Rusty Sun', '80112', '8147 S Niagara St', 'Centennial', '39.56916209676769', '-104.91110163199232');
INSERT INTO facilities (name, location, address, city, latitude, longitude) VALUES ('Life Time Tennis', '80122', '5100 E Dry Creek Rd', 'Centennial', '39.57934248370158', '-104.92881357192745');
INSERT INTO facilities (name, location, address, city, latitude, longitude) VALUES ('Jamison Tennis Courts', '80112', '8050 E Jamison Dr', 'Centennial', '39.576648646281036', '-104.89661376177239');
INSERT INTO facilities (name, location, address, city, latitude, longitude) VALUES ('Cook Creek Tennis Courts', '80124', '8654 Fiesta Terrace', 'Lone Tree', '39.55074982451172', '-104.88843053572194');
INSERT INTO facilities (name, location, address, city, latitude, longitude) VALUES ('Walnut Hills Tennis Courts', '80112', '8195 E Costilla Blvd', 'Centennial', '39.590747152986545', '-104.89476930316475');
INSERT INTO facilities (name, location, address, city, latitude, longitude) VALUES ('Club Greenwood', '80111', '5757 S Quebec St', 'Greenwood Village', '39.61026604788031', '-104.90604150870233');
INSERT INTO facilities (name, location, address, city, latitude, longitude) VALUES ('Sundance Hills', '80111', '5626 S Galena St', 'Greenwood Village', '39.61486613506509', '-104.87112643567231');
INSERT INTO facilities (name, location, address, city, latitude, longitude) VALUES ('Arapahoe Tennis Club', '80113', '4450 S Dahlia St', 'Cherry Hills Village', '39.63634083661907', '-104.93125509338034');
INSERT INTO facilities (name, location, address, city, latitude, longitude) VALUES ('Holly Park', '80111', '6652 S Krameria Way', 'Centennial', '39.59678944205785', '-104.91974959148263');
INSERT INTO facilities (name, location, address, city, latitude, longitude) VALUES ('Eastmoor Swim & Tennis Club', '80237', '6865 E Princeton Ave', 'Denver', '39.64112715622399', '-104.90987858968926');
INSERT INTO facilities (name, location, address, city, latitude, longitude) VALUES ('Rosamond Park', '80237', '8051 E Quincy Ave', 'Denver', '39.641189788790484', '-104.89556397250882');
INSERT INTO facilities (name, location, address, city, latitude, longitude) VALUES ('Southridge Tennis Courts', '80130', 'Valleybrook Dr', 'Highlands Ranch', '39.522674987195444', '-104.9338823031922');
INSERT INTO facilities (name, location, address, city, latitude, longitude) VALUES ('Bonforte Park', '80907', '2323 N Wahsatch Ave', 'Colorado Springs', '38.86634036495074', '-104.81422403012789');
INSERT INTO facilities (name, location, address, city, latitude, longitude) VALUES ('Colorado Springs Racquet Club', '80915', '2529 N Murray Blvd', 'Colorado Springs', '38.86970569999999', '-104.74689373569969');
INSERT INTO facilities (name, location, address, city, latitude, longitude) VALUES ('Cheyenne Mountain Country Club', '80906', '9 Lake Ave', 'Colorado Springs', '38.79168329999953', '-104.84412760686794');
INSERT INTO facilities (name, location, address, city, latitude, longitude) VALUES ('Pikes Peak Athletics', '80906', '125 Clubhouse Dr', 'Colorado Springs', '38.783228447801584', '-104.82308299661659');
INSERT INTO facilities (name, location, address, city, latitude, longitude) VALUES ('Burghart Tennis Courts', '80903', '44 W Cache La Poudre St', 'Colorado Springs', '38.84769702534943', '-104.82822576452969');
INSERT INTO facilities (name, location, address, city, latitude, longitude) VALUES ('Foothills Swim & Racquet Club', '80919', '6955 Delmonico Dr', 'Colorado Springs', '38.93204376702115', '-104.83289398782911');
INSERT INTO facilities (name, location, address, city, latitude, longitude) VALUES ('Sandstone Park', '80922', '4650 Pring Ranch Rd', 'Colorado Springs', '38.898888198220924', '-104.69857421591568');
INSERT INTO facilities (name, location, address, city, latitude, longitude) VALUES ('Banning Lewis Ranch', '80927', '6885 Vista Del Pico Blvd', 'Colorado Springs', '38.93354418845788', '-104.67690123751959');
INSERT INTO facilities (name, location, address, city, latitude, longitude) VALUES ('John Venizia Community Park', '80920', '3555 Briargate Pkwy', 'Colorado Springs', '38.96544705805826', '-104.75897774161372');
INSERT INTO facilities (name, location, address, city, latitude, longitude) VALUES ('Black Forest Park', '80908', '4800 Shoup Rd', 'Colorado Springs', '39.016123103691456', '-104.73575796086945');
INSERT INTO facilities (name, location, address, city, latitude, longitude) VALUES ('Cottonwood Creek', '80918', '7040 Rangewood Dr', 'Colorado Springs', '38.927864178200295', '-104.75648703204017');

INSERT INTO courts (facilityID, name) VALUES (1, 'CU Rec Center Court 1');
INSERT INTO courts (facilityID, name) VALUES (2, 'Rocky Mountain Tennis Center Court 1');
INSERT INTO courts (facilityID, name) VALUES (3, 'Knollwood Tennis Court 1');
INSERT INTO courts (facilityID, name) VALUES (4, 'Meadows Club Court 1');
INSERT INTO courts (facilityID, name) VALUES (5, 'South Campus Tennis Complex Court 1');
INSERT INTO courts (facilityID, name) VALUES (6, 'Fairview High School Court 1');
INSERT INTO courts (facilityID, name) VALUES (7, 'Martin Park Court 1');
INSERT INTO courts (facilityID, name) VALUES (8, 'Denver Tennis Club Court 1');
INSERT INTO courts (facilityID, name) VALUES (9, 'JCC Tennis Center Court 1');
INSERT INTO courts (facilityID, name) VALUES (10, 'Pulaski Park Court 1');
INSERT INTO courts (facilityID, name) VALUES (11, 'Denver Tennis League Court 1');
INSERT INTO courts (facilityID, name) VALUES (12, 'City Park Court 1');     /* I think City park and the denver tennis league courts are the same thing  */
INSERT INTO courts (facilityID, name) VALUES (13, 'Smiley Middle School Court 1');
INSERT INTO courts (facilityID, name) VALUES (14, 'Rocky Mountain Lake Court 1');
INSERT INTO courts (facilityID, name) VALUES (15, 'Sloan Lake Court 1');
INSERT INTO courts (facilityID, name) VALUES (16, 'Meadow Creek Court 1');
INSERT INTO courts (facilityID, name) VALUES (17, 'La Alma Court 1');
INSERT INTO courts (facilityID, name) VALUES (18, 'Randy Ross Tennis Center Court 1');
INSERT INTO courts (facilityID, name) VALUES (19, 'Rusty Sun Court 1');
INSERT INTO courts (facilityID, name) VALUES (20, 'Lifetime Fitness Court 1');
INSERT INTO courts (facilityID, name) VALUES (21, 'Jamison Court 1');
INSERT INTO courts (facilityID, name) VALUES (22, 'Cook Creek Court 1');
INSERT INTO courts (facilityID, name) VALUES (23, 'Walnut Hills Court 1');
INSERT INTO courts (facilityID, name) VALUES (24, 'Club Greenwood Court 1');
INSERT INTO courts (facilityID, name) VALUES (25, 'Sundance Court 1');
INSERT INTO courts (facilityID, name) VALUES (26, 'Arapahoe Tennis Club Court 1');
INSERT INTO courts (facilityID, name) VALUES (27, 'Holly Park Court 1');
INSERT INTO courts (facilityID, name) VALUES (28, 'Eastmoor Tennis Club Court 1');
INSERT INTO courts (facilityID, name) VALUES (29, 'Rosamond Park Court 1');
INSERT INTO courts (facilityID, name) VALUES (30, 'Southridge Court 1');
INSERT INTO courts (facilityID, name) VALUES (31, 'Bonforte Park Court 1');
INSERT INTO courts (facilityID, name) VALUES (32, 'Colorado Springs Raquet Club Court 1');
INSERT INTO courts (facilityID, name) VALUES (32, 'Cheyenne Mountain Country Club Court 1');
INSERT INTO courts (facilityID, name) VALUES (33, 'Pikes Peak Athletics Court 1');
INSERT INTO courts (facilityID, name) VALUES (34, 'Burghart Tennis Court 1');
INSERT INTO courts (facilityID, name) VALUES (35, 'Foothills Raquet Club Court 1');
INSERT INTO courts (facilityID, name) VALUES (36, 'Sandstone Park Court 1');
INSERT INTO courts (facilityID, name) VALUES (37, 'Banning Lewis Ranch Court 1');
INSERT INTO courts (facilityID, name) VALUES (38, 'John Venizia Community Park Court 1');
INSERT INTO courts (facilityID, name) VALUES (39, 'Black Forest Park Court 1');
INSERT INTO courts (facilityID, name) VALUES (40, 'Cottonwood Creek Court 1');

INSERT INTO court_times (court_date, start_time, end_time) VALUES ('2024-01-01', '0900', '1000');
INSERT INTO court_times (court_date, start_time, end_time) VALUES ('2024-01-01', '1000', '1100');
INSERT INTO court_times (court_date, start_time, end_time) VALUES ('2024-01-02', '0900', '1000');
INSERT INTO court_times (court_date, start_time, end_time) VALUES ('2024-01-02', '1000', '1100');
INSERT INTO court_times (court_date, start_time, end_time) VALUES ('2024-01-03', '0900', '1000');
INSERT INTO court_times (court_date, start_time, end_time) VALUES ('2024-01-03', '1000', '1100');
INSERT INTO court_times (court_date, start_time, end_time) VALUES ('2024-01-04', '0900', '1000');
INSERT INTO court_times (court_date, start_time, end_time) VALUES ('2024-01-04', '1000', '1100');
INSERT INTO court_times (court_date, start_time, end_time) VALUES ('2024-01-05', '0900', '1000');
INSERT INTO court_times (court_date, start_time, end_time) VALUES ('2024-01-05', '1000', '1100');
INSERT INTO court_times (court_date, start_time, end_time) VALUES ('2024-01-06', '0900', '1000');
INSERT INTO court_times (court_date, start_time, end_time) VALUES ('2024-01-06', '1000', '1100');
INSERT INTO court_times (court_date, start_time, end_time) VALUES ('2024-01-06', '1800', '1900');
INSERT INTO court_times (court_date, start_time, end_time) VALUES ('2024-01-07', '0900', '1000');
INSERT INTO court_times (court_date, start_time, end_time) VALUES ('2024-01-07', '1000', '1100');
            
INSERT INTO court_to_times(courtID, timeID) VALUES (1, 1);
INSERT INTO court_to_times(courtID, timeID) VALUES (1, 2);
INSERT INTO court_to_times(courtID, timeID) VALUES (1, 3);
INSERT INTO court_to_times(courtID, timeID) VALUES (1, 4);
INSERT INTO court_to_times(courtID, timeID) VALUES (1, 5);
INSERT INTO court_to_times(courtID, timeID) VALUES (1, 6);
INSERT INTO court_to_times(courtID, timeID) VALUES (1, 7);
INSERT INTO court_to_times(courtID, timeID) VALUES (1, 8);
INSERT INTO court_to_times(courtID, timeID) VALUES (1, 9);
INSERT INTO court_to_times(courtID, timeID) VALUES (1, 10);
INSERT INTO court_to_times(courtID, timeID) VALUES (1, 11);
INSERT INTO court_to_times(courtID, timeID) VALUES (1, 12);
INSERT INTO court_to_times(courtID, timeID) VALUES (1, 13);
INSERT INTO court_to_times(courtID, timeID) VALUES (1, 14);
INSERT INTO court_to_times(courtID, timeID) VALUES (1, 15);
INSERT INTO court_to_times(courtID, timeID) VALUES (2, 1);
INSERT INTO court_to_times(courtID, timeID) VALUES (2, 2);
INSERT INTO court_to_times(courtID, timeID) VALUES (2, 3);
INSERT INTO court_to_times(courtID, timeID) VALUES (2, 4);
INSERT INTO court_to_times(courtID, timeID) VALUES (2, 5);
INSERT INTO court_to_times(courtID, timeID) VALUES (2, 6);
INSERT INTO court_to_times(courtID, timeID) VALUES (2, 7);
INSERT INTO court_to_times(courtID, timeID) VALUES (2, 8);
INSERT INTO court_to_times(courtID, timeID) VALUES (2, 9);
INSERT INTO court_to_times(courtID, timeID) VALUES (2, 10);
INSERT INTO court_to_times(courtID, timeID) VALUES (2, 11);
INSERT INTO court_to_times(courtID, timeID) VALUES (2, 12);
INSERT INTO court_to_times(courtID, timeID) VALUES (2, 13);
INSERT INTO court_to_times(courtID, timeID) VALUES (2, 14);
INSERT INTO court_to_times(courtID, timeID) VALUES (2, 15);
INSERT INTO court_to_times(courtID, timeID) VALUES (3, 1);
INSERT INTO court_to_times(courtID, timeID) VALUES (3, 2);
INSERT INTO court_to_times(courtID, timeID) VALUES (3, 3);
INSERT INTO court_to_times(courtID, timeID) VALUES (3, 4);
INSERT INTO court_to_times(courtID, timeID) VALUES (3, 5);
INSERT INTO court_to_times(courtID, timeID) VALUES (3, 6);
INSERT INTO court_to_times(courtID, timeID) VALUES (3, 7);
INSERT INTO court_to_times(courtID, timeID) VALUES (3, 8);
INSERT INTO court_to_times(courtID, timeID) VALUES (3, 9);
INSERT INTO court_to_times(courtID, timeID) VALUES (3, 10);
INSERT INTO court_to_times(courtID, timeID) VALUES (3, 11);
INSERT INTO court_to_times(courtID, timeID) VALUES (3, 12);
INSERT INTO court_to_times(courtID, timeID) VALUES (3, 13);
INSERT INTO court_to_times(courtID, timeID) VALUES (3, 14);
INSERT INTO court_to_times(courtID, timeID) VALUES (3, 15);
INSERT INTO court_to_times(courtID, timeID) VALUES (4, 1);
INSERT INTO court_to_times(courtID, timeID) VALUES (4, 2);
INSERT INTO court_to_times(courtID, timeID) VALUES (4, 3);
INSERT INTO court_to_times(courtID, timeID) VALUES (4, 4);
INSERT INTO court_to_times(courtID, timeID) VALUES (4, 5);
INSERT INTO court_to_times(courtID, timeID) VALUES (4, 6);
INSERT INTO court_to_times(courtID, timeID) VALUES (4, 7);
INSERT INTO court_to_times(courtID, timeID) VALUES (4, 8);
INSERT INTO court_to_times(courtID, timeID) VALUES (4, 9);
INSERT INTO court_to_times(courtID, timeID) VALUES (4, 10);
INSERT INTO court_to_times(courtID, timeID) VALUES (4, 11);
INSERT INTO court_to_times(courtID, timeID) VALUES (4, 12);
INSERT INTO court_to_times(courtID, timeID) VALUES (4, 13);
INSERT INTO court_to_times(courtID, timeID) VALUES (4, 14);
INSERT INTO court_to_times(courtID, timeID) VALUES (4, 15);
INSERT INTO court_to_times(courtID, timeID) VALUES (5, 1);
INSERT INTO court_to_times(courtID, timeID) VALUES (5, 2);
INSERT INTO court_to_times(courtID, timeID) VALUES (5, 3);
INSERT INTO court_to_times(courtID, timeID) VALUES (5, 4);
INSERT INTO court_to_times(courtID, timeID) VALUES (5, 5);
INSERT INTO court_to_times(courtID, timeID) VALUES (5, 6);
INSERT INTO court_to_times(courtID, timeID) VALUES (5, 7);
INSERT INTO court_to_times(courtID, timeID) VALUES (5, 8);
INSERT INTO court_to_times(courtID, timeID) VALUES (5, 9);
INSERT INTO court_to_times(courtID, timeID) VALUES (5, 10);
INSERT INTO court_to_times(courtID, timeID) VALUES (5, 11);
INSERT INTO court_to_times(courtID, timeID) VALUES (5, 12);
INSERT INTO court_to_times(courtID, timeID) VALUES (5, 13);
INSERT INTO court_to_times(courtID, timeID) VALUES (5, 14);
INSERT INTO court_to_times(courtID, timeID) VALUES (5, 15);
INSERT INTO court_to_times(courtID, timeID) VALUES (6, 1);
INSERT INTO court_to_times(courtID, timeID) VALUES (6, 2);
INSERT INTO court_to_times(courtID, timeID) VALUES (6, 3);
INSERT INTO court_to_times(courtID, timeID) VALUES (6, 4);
INSERT INTO court_to_times(courtID, timeID) VALUES (6, 5);
INSERT INTO court_to_times(courtID, timeID) VALUES (6, 6);
INSERT INTO court_to_times(courtID, timeID) VALUES (6, 7);
INSERT INTO court_to_times(courtID, timeID) VALUES (6, 8);
INSERT INTO court_to_times(courtID, timeID) VALUES (6, 9);
INSERT INTO court_to_times(courtID, timeID) VALUES (6, 10);
INSERT INTO court_to_times(courtID, timeID) VALUES (6, 11);
INSERT INTO court_to_times(courtID, timeID) VALUES (6, 12);
INSERT INTO court_to_times(courtID, timeID) VALUES (6, 13);
INSERT INTO court_to_times(courtID, timeID) VALUES (6, 14);
INSERT INTO court_to_times(courtID, timeID) VALUES (6, 15);
INSERT INTO court_to_times(courtID, timeID) VALUES (7, 1);
INSERT INTO court_to_times(courtID, timeID) VALUES (7, 2);
INSERT INTO court_to_times(courtID, timeID) VALUES (7, 3);
INSERT INTO court_to_times(courtID, timeID) VALUES (7, 4);
INSERT INTO court_to_times(courtID, timeID) VALUES (7, 5);
INSERT INTO court_to_times(courtID, timeID) VALUES (7, 6);
INSERT INTO court_to_times(courtID, timeID) VALUES (7, 7);
INSERT INTO court_to_times(courtID, timeID) VALUES (7, 8);
INSERT INTO court_to_times(courtID, timeID) VALUES (7, 9);
INSERT INTO court_to_times(courtID, timeID) VALUES (7, 10);
INSERT INTO court_to_times(courtID, timeID) VALUES (7, 11);
INSERT INTO court_to_times(courtID, timeID) VALUES (7, 12);
INSERT INTO court_to_times(courtID, timeID) VALUES (7, 13);
INSERT INTO court_to_times(courtID, timeID) VALUES (7, 14);
INSERT INTO court_to_times(courtID, timeID) VALUES (7, 15);
INSERT INTO court_to_times(courtID, timeID) VALUES (8, 1);
INSERT INTO court_to_times(courtID, timeID) VALUES (8, 2);
INSERT INTO court_to_times(courtID, timeID) VALUES (8, 3);
INSERT INTO court_to_times(courtID, timeID) VALUES (8, 4);
INSERT INTO court_to_times(courtID, timeID) VALUES (8, 5);
INSERT INTO court_to_times(courtID, timeID) VALUES (8, 6);
INSERT INTO court_to_times(courtID, timeID) VALUES (8, 7);
INSERT INTO court_to_times(courtID, timeID) VALUES (8, 8);
INSERT INTO court_to_times(courtID, timeID) VALUES (8, 9);
INSERT INTO court_to_times(courtID, timeID) VALUES (8, 10);
INSERT INTO court_to_times(courtID, timeID) VALUES (8, 11);
INSERT INTO court_to_times(courtID, timeID) VALUES (8, 12);
INSERT INTO court_to_times(courtID, timeID) VALUES (8, 13);
INSERT INTO court_to_times(courtID, timeID) VALUES (8, 14);
INSERT INTO court_to_times(courtID, timeID) VALUES (8, 15);
INSERT INTO court_to_times(courtID, timeID) VALUES (9, 1);
INSERT INTO court_to_times(courtID, timeID) VALUES (9, 2);
INSERT INTO court_to_times(courtID, timeID) VALUES (9, 3);
INSERT INTO court_to_times(courtID, timeID) VALUES (9, 4);
INSERT INTO court_to_times(courtID, timeID) VALUES (9, 5);
INSERT INTO court_to_times(courtID, timeID) VALUES (9, 6);
INSERT INTO court_to_times(courtID, timeID) VALUES (9, 7);
INSERT INTO court_to_times(courtID, timeID) VALUES (9, 8);
INSERT INTO court_to_times(courtID, timeID) VALUES (9, 9);
INSERT INTO court_to_times(courtID, timeID) VALUES (9, 10);
INSERT INTO court_to_times(courtID, timeID) VALUES (9, 11);
INSERT INTO court_to_times(courtID, timeID) VALUES (9, 12);
INSERT INTO court_to_times(courtID, timeID) VALUES (9, 13);
INSERT INTO court_to_times(courtID, timeID) VALUES (9, 14);
INSERT INTO court_to_times(courtID, timeID) VALUES (9, 15);
INSERT INTO court_to_times(courtID, timeID) VALUES (10, 1);
INSERT INTO court_to_times(courtID, timeID) VALUES (10, 2);
INSERT INTO court_to_times(courtID, timeID) VALUES (10, 3);
INSERT INTO court_to_times(courtID, timeID) VALUES (10, 4);
INSERT INTO court_to_times(courtID, timeID) VALUES (10, 5);
INSERT INTO court_to_times(courtID, timeID) VALUES (10, 6);
INSERT INTO court_to_times(courtID, timeID) VALUES (10, 7);
INSERT INTO court_to_times(courtID, timeID) VALUES (10, 8);
INSERT INTO court_to_times(courtID, timeID) VALUES (10, 9);
INSERT INTO court_to_times(courtID, timeID) VALUES (10, 10);
INSERT INTO court_to_times(courtID, timeID) VALUES (10, 11);
INSERT INTO court_to_times(courtID, timeID) VALUES (10, 12);
INSERT INTO court_to_times(courtID, timeID) VALUES (10, 13);
INSERT INTO court_to_times(courtID, timeID) VALUES (10, 14);
INSERT INTO court_to_times(courtID, timeID) VALUES (10, 15);
INSERT INTO court_to_times(courtID, timeID) VALUES (11, 1);
INSERT INTO court_to_times(courtID, timeID) VALUES (11, 2);
INSERT INTO court_to_times(courtID, timeID) VALUES (11, 3);
INSERT INTO court_to_times(courtID, timeID) VALUES (11, 4);
INSERT INTO court_to_times(courtID, timeID) VALUES (11, 5);
INSERT INTO court_to_times(courtID, timeID) VALUES (11, 6);
INSERT INTO court_to_times(courtID, timeID) VALUES (11, 7);
INSERT INTO court_to_times(courtID, timeID) VALUES (11, 8);
INSERT INTO court_to_times(courtID, timeID) VALUES (11, 9);
INSERT INTO court_to_times(courtID, timeID) VALUES (11, 10);
INSERT INTO court_to_times(courtID, timeID) VALUES (11, 11);
INSERT INTO court_to_times(courtID, timeID) VALUES (11, 12);
INSERT INTO court_to_times(courtID, timeID) VALUES (11, 13);
INSERT INTO court_to_times(courtID, timeID) VALUES (11, 14);
INSERT INTO court_to_times(courtID, timeID) VALUES (11, 15);
INSERT INTO court_to_times(courtID, timeID) VALUES (12, 1);
INSERT INTO court_to_times(courtID, timeID) VALUES (12, 2);
INSERT INTO court_to_times(courtID, timeID) VALUES (12, 3);
INSERT INTO court_to_times(courtID, timeID) VALUES (12, 4);
INSERT INTO court_to_times(courtID, timeID) VALUES (12, 5);
INSERT INTO court_to_times(courtID, timeID) VALUES (12, 6);
INSERT INTO court_to_times(courtID, timeID) VALUES (12, 7);
INSERT INTO court_to_times(courtID, timeID) VALUES (12, 8);
INSERT INTO court_to_times(courtID, timeID) VALUES (12, 9);
INSERT INTO court_to_times(courtID, timeID) VALUES (12, 10);
INSERT INTO court_to_times(courtID, timeID) VALUES (12, 11);
INSERT INTO court_to_times(courtID, timeID) VALUES (12, 12);
INSERT INTO court_to_times(courtID, timeID) VALUES (12, 13);
INSERT INTO court_to_times(courtID, timeID) VALUES (12, 14);
INSERT INTO court_to_times(courtID, timeID) VALUES (12, 15);
INSERT INTO court_to_times(courtID, timeID) VALUES (13, 1);
INSERT INTO court_to_times(courtID, timeID) VALUES (13, 2);
INSERT INTO court_to_times(courtID, timeID) VALUES (13, 3);
INSERT INTO court_to_times(courtID, timeID) VALUES (13, 4);
INSERT INTO court_to_times(courtID, timeID) VALUES (13, 5);
INSERT INTO court_to_times(courtID, timeID) VALUES (13, 6);
INSERT INTO court_to_times(courtID, timeID) VALUES (13, 7);
INSERT INTO court_to_times(courtID, timeID) VALUES (13, 8);
INSERT INTO court_to_times(courtID, timeID) VALUES (13, 9);
INSERT INTO court_to_times(courtID, timeID) VALUES (13, 10);
INSERT INTO court_to_times(courtID, timeID) VALUES (13, 11);
INSERT INTO court_to_times(courtID, timeID) VALUES (13, 12);
INSERT INTO court_to_times(courtID, timeID) VALUES (13, 13);
INSERT INTO court_to_times(courtID, timeID) VALUES (13, 14);
INSERT INTO court_to_times(courtID, timeID) VALUES (13, 15);
INSERT INTO court_to_times(courtID, timeID) VALUES (14, 1);
INSERT INTO court_to_times(courtID, timeID) VALUES (14, 2);
INSERT INTO court_to_times(courtID, timeID) VALUES (14, 3);
INSERT INTO court_to_times(courtID, timeID) VALUES (14, 4);
INSERT INTO court_to_times(courtID, timeID) VALUES (14, 5);
INSERT INTO court_to_times(courtID, timeID) VALUES (14, 6);
INSERT INTO court_to_times(courtID, timeID) VALUES (14, 7);
INSERT INTO court_to_times(courtID, timeID) VALUES (14, 8);
INSERT INTO court_to_times(courtID, timeID) VALUES (14, 9);
INSERT INTO court_to_times(courtID, timeID) VALUES (14, 10);
INSERT INTO court_to_times(courtID, timeID) VALUES (14, 11);
INSERT INTO court_to_times(courtID, timeID) VALUES (14, 12);
INSERT INTO court_to_times(courtID, timeID) VALUES (14, 13);
INSERT INTO court_to_times(courtID, timeID) VALUES (14, 14);
INSERT INTO court_to_times(courtID, timeID) VALUES (14, 15);
INSERT INTO court_to_times(courtID, timeID) VALUES (15, 1);
INSERT INTO court_to_times(courtID, timeID) VALUES (15, 2);
INSERT INTO court_to_times(courtID, timeID) VALUES (15, 3);
INSERT INTO court_to_times(courtID, timeID) VALUES (15, 4);
INSERT INTO court_to_times(courtID, timeID) VALUES (15, 5);
INSERT INTO court_to_times(courtID, timeID) VALUES (15, 6);
INSERT INTO court_to_times(courtID, timeID) VALUES (15, 7);
INSERT INTO court_to_times(courtID, timeID) VALUES (15, 8);
INSERT INTO court_to_times(courtID, timeID) VALUES (15, 9);
INSERT INTO court_to_times(courtID, timeID) VALUES (15, 10);
INSERT INTO court_to_times(courtID, timeID) VALUES (15, 11);
INSERT INTO court_to_times(courtID, timeID) VALUES (15, 12);
INSERT INTO court_to_times(courtID, timeID) VALUES (15, 13);
INSERT INTO court_to_times(courtID, timeID) VALUES (15, 14);
INSERT INTO court_to_times(courtID, timeID) VALUES (15, 15);
INSERT INTO court_to_times(courtID, timeID) VALUES (16, 1);
INSERT INTO court_to_times(courtID, timeID) VALUES (16, 2);
INSERT INTO court_to_times(courtID, timeID) VALUES (16, 3);
INSERT INTO court_to_times(courtID, timeID) VALUES (16, 4);
INSERT INTO court_to_times(courtID, timeID) VALUES (16, 5);
INSERT INTO court_to_times(courtID, timeID) VALUES (16, 6);
INSERT INTO court_to_times(courtID, timeID) VALUES (16, 7);
INSERT INTO court_to_times(courtID, timeID) VALUES (16, 8);
INSERT INTO court_to_times(courtID, timeID) VALUES (16, 9);
INSERT INTO court_to_times(courtID, timeID) VALUES (16, 10);
INSERT INTO court_to_times(courtID, timeID) VALUES (16, 11);
INSERT INTO court_to_times(courtID, timeID) VALUES (16, 12);
INSERT INTO court_to_times(courtID, timeID) VALUES (16, 13);
INSERT INTO court_to_times(courtID, timeID) VALUES (16, 14);
INSERT INTO court_to_times(courtID, timeID) VALUES (16, 15);
INSERT INTO court_to_times(courtID, timeID) VALUES (17, 1);
INSERT INTO court_to_times(courtID, timeID) VALUES (17, 2);
INSERT INTO court_to_times(courtID, timeID) VALUES (17, 3);
INSERT INTO court_to_times(courtID, timeID) VALUES (17, 4);
INSERT INTO court_to_times(courtID, timeID) VALUES (17, 5);
INSERT INTO court_to_times(courtID, timeID) VALUES (17, 6);
INSERT INTO court_to_times(courtID, timeID) VALUES (17, 7);
INSERT INTO court_to_times(courtID, timeID) VALUES (17, 8);
INSERT INTO court_to_times(courtID, timeID) VALUES (17, 9);
INSERT INTO court_to_times(courtID, timeID) VALUES (17, 10);
INSERT INTO court_to_times(courtID, timeID) VALUES (17, 11);
INSERT INTO court_to_times(courtID, timeID) VALUES (17, 12);
INSERT INTO court_to_times(courtID, timeID) VALUES (17, 13);
INSERT INTO court_to_times(courtID, timeID) VALUES (17, 14);
INSERT INTO court_to_times(courtID, timeID) VALUES (17, 15);
INSERT INTO court_to_times(courtID, timeID) VALUES (18, 1);
INSERT INTO court_to_times(courtID, timeID) VALUES (18, 2);
INSERT INTO court_to_times(courtID, timeID) VALUES (18, 3);
INSERT INTO court_to_times(courtID, timeID) VALUES (18, 4);
INSERT INTO court_to_times(courtID, timeID) VALUES (18, 5);
INSERT INTO court_to_times(courtID, timeID) VALUES (18, 6);
INSERT INTO court_to_times(courtID, timeID) VALUES (18, 7);
INSERT INTO court_to_times(courtID, timeID) VALUES (18, 8);
INSERT INTO court_to_times(courtID, timeID) VALUES (18, 9);
INSERT INTO court_to_times(courtID, timeID) VALUES (18, 10);
INSERT INTO court_to_times(courtID, timeID) VALUES (18, 11);
INSERT INTO court_to_times(courtID, timeID) VALUES (18, 12);
INSERT INTO court_to_times(courtID, timeID) VALUES (18, 13);
INSERT INTO court_to_times(courtID, timeID) VALUES (18, 14);
INSERT INTO court_to_times(courtID, timeID) VALUES (18, 15);
INSERT INTO court_to_times(courtID, timeID) VALUES (19, 1);
INSERT INTO court_to_times(courtID, timeID) VALUES (19, 2);
INSERT INTO court_to_times(courtID, timeID) VALUES (19, 3);
INSERT INTO court_to_times(courtID, timeID) VALUES (19, 4);
INSERT INTO court_to_times(courtID, timeID) VALUES (19, 5);
INSERT INTO court_to_times(courtID, timeID) VALUES (19, 6);
INSERT INTO court_to_times(courtID, timeID) VALUES (19, 7);
INSERT INTO court_to_times(courtID, timeID) VALUES (19, 8);
INSERT INTO court_to_times(courtID, timeID) VALUES (19, 9);
INSERT INTO court_to_times(courtID, timeID) VALUES (19, 10);
INSERT INTO court_to_times(courtID, timeID) VALUES (19, 11);
INSERT INTO court_to_times(courtID, timeID) VALUES (19, 12);
INSERT INTO court_to_times(courtID, timeID) VALUES (19, 13);
INSERT INTO court_to_times(courtID, timeID) VALUES (19, 14);
INSERT INTO court_to_times(courtID, timeID) VALUES (19, 15);
INSERT INTO court_to_times(courtID, timeID) VALUES (20, 1);
INSERT INTO court_to_times(courtID, timeID) VALUES (20, 2);
INSERT INTO court_to_times(courtID, timeID) VALUES (20, 3);
INSERT INTO court_to_times(courtID, timeID) VALUES (20, 4);
INSERT INTO court_to_times(courtID, timeID) VALUES (20, 5);
INSERT INTO court_to_times(courtID, timeID) VALUES (20, 6);
INSERT INTO court_to_times(courtID, timeID) VALUES (20, 7);
INSERT INTO court_to_times(courtID, timeID) VALUES (20, 8);
INSERT INTO court_to_times(courtID, timeID) VALUES (20, 9);
INSERT INTO court_to_times(courtID, timeID) VALUES (20, 10);
INSERT INTO court_to_times(courtID, timeID) VALUES (20, 11);
INSERT INTO court_to_times(courtID, timeID) VALUES (20, 12);
INSERT INTO court_to_times(courtID, timeID) VALUES (20, 13);
INSERT INTO court_to_times(courtID, timeID) VALUES (20, 14);
INSERT INTO court_to_times(courtID, timeID) VALUES (20, 15);
INSERT INTO court_to_times(courtID, timeID) VALUES (21, 1);
INSERT INTO court_to_times(courtID, timeID) VALUES (21, 2);
INSERT INTO court_to_times(courtID, timeID) VALUES (21, 3);
INSERT INTO court_to_times(courtID, timeID) VALUES (21, 4);
INSERT INTO court_to_times(courtID, timeID) VALUES (21, 5);
INSERT INTO court_to_times(courtID, timeID) VALUES (21, 6);
INSERT INTO court_to_times(courtID, timeID) VALUES (21, 7);
INSERT INTO court_to_times(courtID, timeID) VALUES (21, 8);
INSERT INTO court_to_times(courtID, timeID) VALUES (21, 9);
INSERT INTO court_to_times(courtID, timeID) VALUES (21, 10);
INSERT INTO court_to_times(courtID, timeID) VALUES (21, 11);
INSERT INTO court_to_times(courtID, timeID) VALUES (21, 12);
INSERT INTO court_to_times(courtID, timeID) VALUES (21, 13);
INSERT INTO court_to_times(courtID, timeID) VALUES (21, 14);
INSERT INTO court_to_times(courtID, timeID) VALUES (21, 15);
INSERT INTO court_to_times(courtID, timeID) VALUES (22, 1);
INSERT INTO court_to_times(courtID, timeID) VALUES (22, 2);
INSERT INTO court_to_times(courtID, timeID) VALUES (22, 3);
INSERT INTO court_to_times(courtID, timeID) VALUES (22, 4);
INSERT INTO court_to_times(courtID, timeID) VALUES (22, 5);
INSERT INTO court_to_times(courtID, timeID) VALUES (22, 6);
INSERT INTO court_to_times(courtID, timeID) VALUES (22, 7);
INSERT INTO court_to_times(courtID, timeID) VALUES (22, 8);
INSERT INTO court_to_times(courtID, timeID) VALUES (22, 9);
INSERT INTO court_to_times(courtID, timeID) VALUES (22, 10);
INSERT INTO court_to_times(courtID, timeID) VALUES (22, 11);
INSERT INTO court_to_times(courtID, timeID) VALUES (22, 12);
INSERT INTO court_to_times(courtID, timeID) VALUES (22, 13);
INSERT INTO court_to_times(courtID, timeID) VALUES (22, 14);
INSERT INTO court_to_times(courtID, timeID) VALUES (22, 15);
INSERT INTO court_to_times(courtID, timeID) VALUES (23, 1);
INSERT INTO court_to_times(courtID, timeID) VALUES (23, 2);
INSERT INTO court_to_times(courtID, timeID) VALUES (23, 3);
INSERT INTO court_to_times(courtID, timeID) VALUES (23, 4);
INSERT INTO court_to_times(courtID, timeID) VALUES (23, 5);
INSERT INTO court_to_times(courtID, timeID) VALUES (23, 6);
INSERT INTO court_to_times(courtID, timeID) VALUES (23, 7);
INSERT INTO court_to_times(courtID, timeID) VALUES (23, 8);
INSERT INTO court_to_times(courtID, timeID) VALUES (23, 9);
INSERT INTO court_to_times(courtID, timeID) VALUES (23, 10);
INSERT INTO court_to_times(courtID, timeID) VALUES (23, 11);
INSERT INTO court_to_times(courtID, timeID) VALUES (23, 12);
INSERT INTO court_to_times(courtID, timeID) VALUES (23, 13);
INSERT INTO court_to_times(courtID, timeID) VALUES (23, 14);
INSERT INTO court_to_times(courtID, timeID) VALUES (23, 15);
INSERT INTO court_to_times(courtID, timeID) VALUES (24, 1);
INSERT INTO court_to_times(courtID, timeID) VALUES (24, 2);
INSERT INTO court_to_times(courtID, timeID) VALUES (24, 3);
INSERT INTO court_to_times(courtID, timeID) VALUES (24, 4);
INSERT INTO court_to_times(courtID, timeID) VALUES (24, 5);
INSERT INTO court_to_times(courtID, timeID) VALUES (24, 6);
INSERT INTO court_to_times(courtID, timeID) VALUES (24, 7);
INSERT INTO court_to_times(courtID, timeID) VALUES (24, 8);
INSERT INTO court_to_times(courtID, timeID) VALUES (24, 9);
INSERT INTO court_to_times(courtID, timeID) VALUES (24, 10);
INSERT INTO court_to_times(courtID, timeID) VALUES (24, 11);
INSERT INTO court_to_times(courtID, timeID) VALUES (24, 12);
INSERT INTO court_to_times(courtID, timeID) VALUES (24, 13);
INSERT INTO court_to_times(courtID, timeID) VALUES (24, 14);
INSERT INTO court_to_times(courtID, timeID) VALUES (24, 15);
INSERT INTO court_to_times(courtID, timeID) VALUES (25, 1);
INSERT INTO court_to_times(courtID, timeID) VALUES (25, 2);
INSERT INTO court_to_times(courtID, timeID) VALUES (25, 3);
INSERT INTO court_to_times(courtID, timeID) VALUES (25, 4);
INSERT INTO court_to_times(courtID, timeID) VALUES (25, 5);
INSERT INTO court_to_times(courtID, timeID) VALUES (25, 6);
INSERT INTO court_to_times(courtID, timeID) VALUES (25, 7);
INSERT INTO court_to_times(courtID, timeID) VALUES (25, 8);
INSERT INTO court_to_times(courtID, timeID) VALUES (25, 9);
INSERT INTO court_to_times(courtID, timeID) VALUES (25, 10);
INSERT INTO court_to_times(courtID, timeID) VALUES (25, 11);
INSERT INTO court_to_times(courtID, timeID) VALUES (25, 12);
INSERT INTO court_to_times(courtID, timeID) VALUES (25, 13);
INSERT INTO court_to_times(courtID, timeID) VALUES (25, 14);
INSERT INTO court_to_times(courtID, timeID) VALUES (25, 15);
INSERT INTO court_to_times(courtID, timeID) VALUES (26, 1);
INSERT INTO court_to_times(courtID, timeID) VALUES (26, 2);
INSERT INTO court_to_times(courtID, timeID) VALUES (26, 3);
INSERT INTO court_to_times(courtID, timeID) VALUES (26, 4);
INSERT INTO court_to_times(courtID, timeID) VALUES (26, 5);
INSERT INTO court_to_times(courtID, timeID) VALUES (26, 6);
INSERT INTO court_to_times(courtID, timeID) VALUES (26, 7);
INSERT INTO court_to_times(courtID, timeID) VALUES (26, 8);
INSERT INTO court_to_times(courtID, timeID) VALUES (26, 9);
INSERT INTO court_to_times(courtID, timeID) VALUES (26, 10);
INSERT INTO court_to_times(courtID, timeID) VALUES (26, 11);
INSERT INTO court_to_times(courtID, timeID) VALUES (26, 12);
INSERT INTO court_to_times(courtID, timeID) VALUES (26, 13);
INSERT INTO court_to_times(courtID, timeID) VALUES (26, 14);
INSERT INTO court_to_times(courtID, timeID) VALUES (26, 15);
INSERT INTO court_to_times(courtID, timeID) VALUES (27, 1);
INSERT INTO court_to_times(courtID, timeID) VALUES (27, 2);
INSERT INTO court_to_times(courtID, timeID) VALUES (27, 3);
INSERT INTO court_to_times(courtID, timeID) VALUES (27, 4);
INSERT INTO court_to_times(courtID, timeID) VALUES (27, 5);
INSERT INTO court_to_times(courtID, timeID) VALUES (27, 6);
INSERT INTO court_to_times(courtID, timeID) VALUES (27, 7);
INSERT INTO court_to_times(courtID, timeID) VALUES (27, 8);
INSERT INTO court_to_times(courtID, timeID) VALUES (27, 9);
INSERT INTO court_to_times(courtID, timeID) VALUES (27, 10);
INSERT INTO court_to_times(courtID, timeID) VALUES (27, 11);
INSERT INTO court_to_times(courtID, timeID) VALUES (27, 12);
INSERT INTO court_to_times(courtID, timeID) VALUES (27, 13);
INSERT INTO court_to_times(courtID, timeID) VALUES (27, 14);
INSERT INTO court_to_times(courtID, timeID) VALUES (27, 15);
INSERT INTO court_to_times(courtID, timeID) VALUES (28, 1);
INSERT INTO court_to_times(courtID, timeID) VALUES (28, 2);
INSERT INTO court_to_times(courtID, timeID) VALUES (28, 3);
INSERT INTO court_to_times(courtID, timeID) VALUES (28, 4);
INSERT INTO court_to_times(courtID, timeID) VALUES (28, 5);
INSERT INTO court_to_times(courtID, timeID) VALUES (28, 6);
INSERT INTO court_to_times(courtID, timeID) VALUES (28, 7);
INSERT INTO court_to_times(courtID, timeID) VALUES (28, 8);
INSERT INTO court_to_times(courtID, timeID) VALUES (28, 9);
INSERT INTO court_to_times(courtID, timeID) VALUES (28, 10);
INSERT INTO court_to_times(courtID, timeID) VALUES (28, 11);
INSERT INTO court_to_times(courtID, timeID) VALUES (28, 12);
INSERT INTO court_to_times(courtID, timeID) VALUES (28, 13);
INSERT INTO court_to_times(courtID, timeID) VALUES (28, 14);
INSERT INTO court_to_times(courtID, timeID) VALUES (28, 15);
INSERT INTO court_to_times(courtID, timeID) VALUES (29, 1);
INSERT INTO court_to_times(courtID, timeID) VALUES (29, 2);
INSERT INTO court_to_times(courtID, timeID) VALUES (29, 3);
INSERT INTO court_to_times(courtID, timeID) VALUES (29, 4);
INSERT INTO court_to_times(courtID, timeID) VALUES (29, 5);
INSERT INTO court_to_times(courtID, timeID) VALUES (29, 6);
INSERT INTO court_to_times(courtID, timeID) VALUES (29, 7);
INSERT INTO court_to_times(courtID, timeID) VALUES (29, 8);
INSERT INTO court_to_times(courtID, timeID) VALUES (29, 9);
INSERT INTO court_to_times(courtID, timeID) VALUES (29, 10);
INSERT INTO court_to_times(courtID, timeID) VALUES (29, 11);
INSERT INTO court_to_times(courtID, timeID) VALUES (29, 12);
INSERT INTO court_to_times(courtID, timeID) VALUES (29, 13);
INSERT INTO court_to_times(courtID, timeID) VALUES (29, 14);
INSERT INTO court_to_times(courtID, timeID) VALUES (29, 15);
INSERT INTO court_to_times(courtID, timeID) VALUES (30, 1);
INSERT INTO court_to_times(courtID, timeID) VALUES (30, 2);
INSERT INTO court_to_times(courtID, timeID) VALUES (30, 3);
INSERT INTO court_to_times(courtID, timeID) VALUES (30, 4);
INSERT INTO court_to_times(courtID, timeID) VALUES (30, 5);
INSERT INTO court_to_times(courtID, timeID) VALUES (30, 6);
INSERT INTO court_to_times(courtID, timeID) VALUES (30, 7);
INSERT INTO court_to_times(courtID, timeID) VALUES (30, 8);
INSERT INTO court_to_times(courtID, timeID) VALUES (30, 9);
INSERT INTO court_to_times(courtID, timeID) VALUES (30, 10);
INSERT INTO court_to_times(courtID, timeID) VALUES (30, 11);
INSERT INTO court_to_times(courtID, timeID) VALUES (30, 12);
INSERT INTO court_to_times(courtID, timeID) VALUES (30, 13);
INSERT INTO court_to_times(courtID, timeID) VALUES (30, 14);
INSERT INTO court_to_times(courtID, timeID) VALUES (30, 15);
INSERT INTO court_to_times(courtID, timeID) VALUES (31, 1);
INSERT INTO court_to_times(courtID, timeID) VALUES (31, 2);
INSERT INTO court_to_times(courtID, timeID) VALUES (31, 3);
INSERT INTO court_to_times(courtID, timeID) VALUES (31, 4);
INSERT INTO court_to_times(courtID, timeID) VALUES (31, 5);
INSERT INTO court_to_times(courtID, timeID) VALUES (31, 6);
INSERT INTO court_to_times(courtID, timeID) VALUES (31, 7);
INSERT INTO court_to_times(courtID, timeID) VALUES (31, 8);
INSERT INTO court_to_times(courtID, timeID) VALUES (31, 9);
INSERT INTO court_to_times(courtID, timeID) VALUES (31, 10);
INSERT INTO court_to_times(courtID, timeID) VALUES (31, 11);
INSERT INTO court_to_times(courtID, timeID) VALUES (31, 12);
INSERT INTO court_to_times(courtID, timeID) VALUES (31, 13);
INSERT INTO court_to_times(courtID, timeID) VALUES (31, 14);
INSERT INTO court_to_times(courtID, timeID) VALUES (31, 15);
INSERT INTO court_to_times(courtID, timeID) VALUES (32, 1);
INSERT INTO court_to_times(courtID, timeID) VALUES (32, 2);
INSERT INTO court_to_times(courtID, timeID) VALUES (32, 3);
INSERT INTO court_to_times(courtID, timeID) VALUES (32, 4);
INSERT INTO court_to_times(courtID, timeID) VALUES (32, 5);
INSERT INTO court_to_times(courtID, timeID) VALUES (32, 6);
INSERT INTO court_to_times(courtID, timeID) VALUES (32, 7);
INSERT INTO court_to_times(courtID, timeID) VALUES (32, 8);
INSERT INTO court_to_times(courtID, timeID) VALUES (32, 9);
INSERT INTO court_to_times(courtID, timeID) VALUES (32, 10);
INSERT INTO court_to_times(courtID, timeID) VALUES (32, 11);
INSERT INTO court_to_times(courtID, timeID) VALUES (32, 12);
INSERT INTO court_to_times(courtID, timeID) VALUES (32, 13);
INSERT INTO court_to_times(courtID, timeID) VALUES (32, 14);
INSERT INTO court_to_times(courtID, timeID) VALUES (32, 15);
INSERT INTO court_to_times(courtID, timeID) VALUES (33, 1);
INSERT INTO court_to_times(courtID, timeID) VALUES (33, 2);
INSERT INTO court_to_times(courtID, timeID) VALUES (33, 3);
INSERT INTO court_to_times(courtID, timeID) VALUES (33, 4);
INSERT INTO court_to_times(courtID, timeID) VALUES (33, 5);
INSERT INTO court_to_times(courtID, timeID) VALUES (33, 6);
INSERT INTO court_to_times(courtID, timeID) VALUES (33, 7);
INSERT INTO court_to_times(courtID, timeID) VALUES (33, 8);
INSERT INTO court_to_times(courtID, timeID) VALUES (33, 9);
INSERT INTO court_to_times(courtID, timeID) VALUES (33, 10);
INSERT INTO court_to_times(courtID, timeID) VALUES (33, 11);
INSERT INTO court_to_times(courtID, timeID) VALUES (33, 12);
INSERT INTO court_to_times(courtID, timeID) VALUES (33, 13);
INSERT INTO court_to_times(courtID, timeID) VALUES (33, 14);
INSERT INTO court_to_times(courtID, timeID) VALUES (33, 15);
INSERT INTO court_to_times(courtID, timeID) VALUES (34, 1);
INSERT INTO court_to_times(courtID, timeID) VALUES (34, 2);
INSERT INTO court_to_times(courtID, timeID) VALUES (34, 3);
INSERT INTO court_to_times(courtID, timeID) VALUES (34, 4);
INSERT INTO court_to_times(courtID, timeID) VALUES (34, 5);
INSERT INTO court_to_times(courtID, timeID) VALUES (34, 6);
INSERT INTO court_to_times(courtID, timeID) VALUES (34, 7);
INSERT INTO court_to_times(courtID, timeID) VALUES (34, 8);
INSERT INTO court_to_times(courtID, timeID) VALUES (34, 9);
INSERT INTO court_to_times(courtID, timeID) VALUES (34, 10);
INSERT INTO court_to_times(courtID, timeID) VALUES (34, 11);
INSERT INTO court_to_times(courtID, timeID) VALUES (34, 12);
INSERT INTO court_to_times(courtID, timeID) VALUES (34, 13);
INSERT INTO court_to_times(courtID, timeID) VALUES (34, 14);
INSERT INTO court_to_times(courtID, timeID) VALUES (34, 15);
INSERT INTO court_to_times(courtID, timeID) VALUES (35, 1);
INSERT INTO court_to_times(courtID, timeID) VALUES (35, 2);
INSERT INTO court_to_times(courtID, timeID) VALUES (35, 3);
INSERT INTO court_to_times(courtID, timeID) VALUES (35, 4);
INSERT INTO court_to_times(courtID, timeID) VALUES (35, 5);
INSERT INTO court_to_times(courtID, timeID) VALUES (35, 6);
INSERT INTO court_to_times(courtID, timeID) VALUES (35, 7);
INSERT INTO court_to_times(courtID, timeID) VALUES (35, 8);
INSERT INTO court_to_times(courtID, timeID) VALUES (35, 9);
INSERT INTO court_to_times(courtID, timeID) VALUES (35, 10);
INSERT INTO court_to_times(courtID, timeID) VALUES (35, 11);
INSERT INTO court_to_times(courtID, timeID) VALUES (35, 12);
INSERT INTO court_to_times(courtID, timeID) VALUES (35, 13);
INSERT INTO court_to_times(courtID, timeID) VALUES (35, 14);
INSERT INTO court_to_times(courtID, timeID) VALUES (35, 15);
INSERT INTO court_to_times(courtID, timeID) VALUES (36, 1);
INSERT INTO court_to_times(courtID, timeID) VALUES (36, 2);
INSERT INTO court_to_times(courtID, timeID) VALUES (36, 3);
INSERT INTO court_to_times(courtID, timeID) VALUES (36, 4);
INSERT INTO court_to_times(courtID, timeID) VALUES (36, 5);
INSERT INTO court_to_times(courtID, timeID) VALUES (36, 6);
INSERT INTO court_to_times(courtID, timeID) VALUES (36, 7);
INSERT INTO court_to_times(courtID, timeID) VALUES (36, 8);
INSERT INTO court_to_times(courtID, timeID) VALUES (36, 9);
INSERT INTO court_to_times(courtID, timeID) VALUES (36, 10);
INSERT INTO court_to_times(courtID, timeID) VALUES (36, 11);
INSERT INTO court_to_times(courtID, timeID) VALUES (36, 12);
INSERT INTO court_to_times(courtID, timeID) VALUES (36, 13);
INSERT INTO court_to_times(courtID, timeID) VALUES (36, 14);
INSERT INTO court_to_times(courtID, timeID) VALUES (36, 15);
INSERT INTO court_to_times(courtID, timeID) VALUES (37, 1);
INSERT INTO court_to_times(courtID, timeID) VALUES (37, 2);
INSERT INTO court_to_times(courtID, timeID) VALUES (37, 3);
INSERT INTO court_to_times(courtID, timeID) VALUES (37, 4);
INSERT INTO court_to_times(courtID, timeID) VALUES (37, 5);
INSERT INTO court_to_times(courtID, timeID) VALUES (37, 6);
INSERT INTO court_to_times(courtID, timeID) VALUES (37, 7);
INSERT INTO court_to_times(courtID, timeID) VALUES (37, 8);
INSERT INTO court_to_times(courtID, timeID) VALUES (37, 9);
INSERT INTO court_to_times(courtID, timeID) VALUES (37, 10);
INSERT INTO court_to_times(courtID, timeID) VALUES (37, 11);
INSERT INTO court_to_times(courtID, timeID) VALUES (37, 12);
INSERT INTO court_to_times(courtID, timeID) VALUES (37, 13);
INSERT INTO court_to_times(courtID, timeID) VALUES (37, 14);
INSERT INTO court_to_times(courtID, timeID) VALUES (37, 15);
INSERT INTO court_to_times(courtID, timeID) VALUES (38, 1);
INSERT INTO court_to_times(courtID, timeID) VALUES (38, 2);
INSERT INTO court_to_times(courtID, timeID) VALUES (38, 3);
INSERT INTO court_to_times(courtID, timeID) VALUES (38, 4);
INSERT INTO court_to_times(courtID, timeID) VALUES (38, 5);
INSERT INTO court_to_times(courtID, timeID) VALUES (38, 6);
INSERT INTO court_to_times(courtID, timeID) VALUES (38, 7);
INSERT INTO court_to_times(courtID, timeID) VALUES (38, 8);
INSERT INTO court_to_times(courtID, timeID) VALUES (38, 9);
INSERT INTO court_to_times(courtID, timeID) VALUES (38, 10);
INSERT INTO court_to_times(courtID, timeID) VALUES (38, 11);
INSERT INTO court_to_times(courtID, timeID) VALUES (38, 12);
INSERT INTO court_to_times(courtID, timeID) VALUES (38, 13);
INSERT INTO court_to_times(courtID, timeID) VALUES (38, 14);
INSERT INTO court_to_times(courtID, timeID) VALUES (38, 15);
INSERT INTO court_to_times(courtID, timeID) VALUES (39, 1);
INSERT INTO court_to_times(courtID, timeID) VALUES (39, 2);
INSERT INTO court_to_times(courtID, timeID) VALUES (39, 3);
INSERT INTO court_to_times(courtID, timeID) VALUES (39, 4);
INSERT INTO court_to_times(courtID, timeID) VALUES (39, 5);
INSERT INTO court_to_times(courtID, timeID) VALUES (39, 6);
INSERT INTO court_to_times(courtID, timeID) VALUES (39, 7);
INSERT INTO court_to_times(courtID, timeID) VALUES (39, 8);
INSERT INTO court_to_times(courtID, timeID) VALUES (39, 9);
INSERT INTO court_to_times(courtID, timeID) VALUES (39, 10);
INSERT INTO court_to_times(courtID, timeID) VALUES (39, 11);
INSERT INTO court_to_times(courtID, timeID) VALUES (39, 12);
INSERT INTO court_to_times(courtID, timeID) VALUES (39, 13);
INSERT INTO court_to_times(courtID, timeID) VALUES (39, 14);
INSERT INTO court_to_times(courtID, timeID) VALUES (39, 15);
INSERT INTO court_to_times(courtID, timeID) VALUES (40, 1);
INSERT INTO court_to_times(courtID, timeID) VALUES (40, 2);
INSERT INTO court_to_times(courtID, timeID) VALUES (40, 3);
INSERT INTO court_to_times(courtID, timeID) VALUES (40, 4);
INSERT INTO court_to_times(courtID, timeID) VALUES (40, 5);
INSERT INTO court_to_times(courtID, timeID) VALUES (40, 6);
INSERT INTO court_to_times(courtID, timeID) VALUES (40, 7);
INSERT INTO court_to_times(courtID, timeID) VALUES (40, 8);
INSERT INTO court_to_times(courtID, timeID) VALUES (40, 9);
INSERT INTO court_to_times(courtID, timeID) VALUES (40, 10);
INSERT INTO court_to_times(courtID, timeID) VALUES (40, 11);
INSERT INTO court_to_times(courtID, timeID) VALUES (40, 12);
INSERT INTO court_to_times(courtID, timeID) VALUES (40, 13);
INSERT INTO court_to_times(courtID, timeID) VALUES (40, 14);
INSERT INTO court_to_times(courtID, timeID) VALUES (40, 15);
INSERT INTO court_to_times(courtID, timeID) VALUES (41, 1);
INSERT INTO court_to_times(courtID, timeID) VALUES (41, 2);
INSERT INTO court_to_times(courtID, timeID) VALUES (41, 3);
INSERT INTO court_to_times(courtID, timeID) VALUES (41, 4);
INSERT INTO court_to_times(courtID, timeID) VALUES (41, 5);
INSERT INTO court_to_times(courtID, timeID) VALUES (41, 6);
INSERT INTO court_to_times(courtID, timeID) VALUES (41, 7);
INSERT INTO court_to_times(courtID, timeID) VALUES (41, 8);
INSERT INTO court_to_times(courtID, timeID) VALUES (41, 9);
INSERT INTO court_to_times(courtID, timeID) VALUES (41, 10);
INSERT INTO court_to_times(courtID, timeID) VALUES (41, 11);
INSERT INTO court_to_times(courtID, timeID) VALUES (41, 12);
INSERT INTO court_to_times(courtID, timeID) VALUES (41, 13);
INSERT INTO court_to_times(courtID, timeID) VALUES (41, 14);
INSERT INTO court_to_times(courtID, timeID) VALUES (41, 15);

INSERT INTO reservation(userID, courtID, timeID, facilityID, lfg) VALUES (1,1,1,1,'true');
INSERT INTO reservation(userID, courtID, timeID, facilityID, lfg) VALUES (2,2,2,2,'false');
INSERT INTO reservation(userID, courtID, timeID, facilityID, lfg) VALUES (3,3,3,3,'true');
INSERT INTO reservation(userID, courtID, timeID, facilityID, lfg) VALUES (4,4,4,4,'false');
INSERT INTO reservation(userID, courtID, timeID, facilityID, lfg) VALUES (5,5,5,5,'true');
INSERT INTO reservation(userID, courtID, timeID, facilityID, lfg) VALUES (6,6,6,6,'false');
